student_id,course_id
1,CS3077
1,CS2100
1,CS2825
1,CS3981
1,CS3534
2,IT2610
2,CS1960
2,PH3741
2,CY4499
2,SE4251
3,MA4415
3,MA2230
3,MA2598
3,MA3328
4,DS1705
4,DS2020
4,DS2124
5,DS3804
5,DS1976
5,DS4742
6,PH3798
6,IT3629
7,CS3981
7,CS3077
7,CS2100
8,MA3578
8,MA3979
9,IT3629
9,IT3504
10,CS1960
10,CS3077
10,CS2100
10,CS3343
10,CS1092
11,DS4062
11,DS4742
11,DS2599
12,PH4848
12,DS4062
13,MA1932
13,PH3528
13,DS1420
14,PH3283
14,SE3424
14,PH3440
15,PH3167
15,IT1670
15,PH3741
16,CY3156
16,MA3979
16,CS3981
17,DS2124
17,DS2020
18,CS3534
18,CS3670
18,CS3077
19,PH3741
19,MA3328
19,SE4425
19,SE4049
19,PH2221
19,CS2100
20,DS4694
20,DS1705
21,DS3871
21,DS4694
21,DS1256
21,DS2921
22,SE4985
22,SE4425
22,SE3698
23,IT2449
23,IT3629
23,IT2610
23,IT2312
24,CS1960
24,IT2610
24,DS2124
24,CY3177
24,CY4441
25,MA3578
25,DS2921
26,MA4810
26,MA3439
26,MA1932
26,MA3965
26,MA4816
27,SE3802
27,SE4057
27,SE2958
27,SE4251
27,SE2639
27,SE2288
28,DS3804
28,CS2100
28,SE4057
29,DS1517
29,DS4742
29,DS1976
29,DS2020
29,DS1420
30,DS4742
30,DS1420
30,DS3804
31,DS3804
31,DS1420
31,DS4694
31,DS4062
31,DS1705
32,IT2610
32,IT4903
32,IT1875
33,CS2100
33,CS1960
33,CS3343
33,CS3077
33,CS2825
33,CS3534
34,DS3871
34,DS1517
34,DS4694
34,DS4062
34,DS2599
34,DS1256
35,PH2121
35,SE4049
35,MA4415
35,MA3965
35,SE4911
35,IT3504
36,CS3343
36,CS2100
36,CS3534
37,DS1705
37,SE4985
37,SE4425
37,MA2156
38,SE4841
38,CY4441
39,IT1554
39,IT4656
39,IT4903
39,IT1875
39,IT1670
40,MA3965
40,MA4810
40,MA2133
40,MA2030
40,MA2230
40,MA3439
41,IT3504
41,IT4903
42,CY4235
42,MA2230
42,DS2921
42,IT2610
43,MA2030
43,MA3965
43,MA2133
44,SE2336
44,SE3802
44,SE4985
44,SE2288
44,SE2281
44,SE4841
45,CS1092
45,CS3534
45,CS2100
45,CS3077
46,MA3328
46,MA3578
46,IT1554
47,DS3804
47,DS1256
47,DS2921
47,DS2599
47,DS4062
47,DS1705
48,PH2145
48,DS2124
49,MA3979
49,MA2133
49,MA2030
49,MA4810
49,MA3439
49,MA3177
50,CY3501
50,MA3439
50,CY4441
50,SE3698
50,CY4499
51,PH2770
51,CS3534
51,DS2599
51,MA3578
52,IT3504
52,IT4656
52,IT4903
52,IT1875
52,IT1083
53,SE2639
53,SE4425
53,SE4985
54,DS1976
54,DS1420
54,DS1705
54,DS4062
54,DS2921
54,DS2020
55,DS4062
55,DS1256
55,DS2599
56,CS3981
56,CS1092
57,DS4694
57,DS2921
57,DS3804
57,DS3871
57,DS1420
58,IT1083
58,IT4903
58,IT2449
59,IT2449
59,IT3504
59,IT1670
59,SE1688
59,SE2639
59,MA4810
60,MA2230
60,MA2133
60,MA3439
60,MA3578
61,CS1092
61,PH3741
61,CS3534
61,DS2599
61,SE2639
61,CS2100
62,SE4985
62,SE2846
62,SE4057
63,SE2288
63,SE4057
63,SE4985
63,SE2958
64,IT2449
64,MA2598
64,SE1688
64,IT3629
65,SE3424
65,SE4251
65,SE4911
66,SE4425
66,SE3698
67,DS3804
67,CS3670
67,SE2846
68,SE3802
68,SE2639
69,CS2100
69,CS3981
70,DS4694
70,DS4742
71,SE4841
71,DS1256
71,CS2825
71,SE4075
71,CY4640
71,IT4903
72,IT1554
72,IT3629
73,DS4062
73,DS2599
74,CS3343
74,CS3670
74,CS3981
74,CS3534
74,CS2825
75,MA2030
75,MA2598
75,MA4816
75,MA3578
76,DS1517
76,DS3871
77,SE4985
77,SE4425
77,SE4075
77,SE4911
78,IT3504
78,IT2610
78,IT4903
78,IT1670
78,IT3629
79,DS2124
79,DS3804
79,DS3871
79,DS2921
79,DS4742
79,DS1420
80,MA2030
80,MA4810
80,MA2230
80,MA3177
80,MA3328
80,MA3439
81,IT4903
81,SE2958
81,CY4372
81,IT4656
81,CY4235
81,PH2263
82,DS3871
82,DS1256
83,IT4656
83,IT2449
83,IT1875
83,IT3504
83,IT3629
83,IT4903
84,CY2162
84,SE4049
85,MA3965
85,MA2230
85,MA4415
85,MA3979
86,MA3177
86,MA3965
86,MA3578
86,MA3979
86,MA1932
86,MA2230
87,CS2825
87,CS3343
87,CS3077
87,CS3981
88,SE4251
88,SE4841
88,SE4425
88,SE2288
89,CY4651
89,PH4848
89,PH4649
89,MA3177
90,SE4075
90,SE1809
90,SE2958
90,CY2162
90,DS1517
91,DS2124
91,DS1256
91,DS3871
91,DS2020
92,MA3439
92,SE1809
92,MA1932
93,SE1809
93,PH4388
93,SE4057
93,DS4742
93,CS3534
93,PH3741
94,SE4075
94,SE2281
94,SE4743
95,PH4263
95,SE4425
95,DS2124
95,CY4441
95,CY4651
96,SE4057
96,SE2281
96,SE2288
96,SE4841
97,IT2312
97,IT3629
97,IT4903
98,MA3578
98,MA1932
98,MA2156
98,MA4415
99,MA3439
99,MA4816
100,CS1092
100,CS2100
101,SE3802
101,DS1976
101,CY4372
101,PH3283
102,IT1670
102,IT4656
102,IT2312
102,IT4903
103,CS2100
103,PH3283
103,MA3328
103,SE4049
103,PH4848
103,DS2124
104,CS2100
104,CS3981
105,DS4062
105,DS4694
105,PH2145
105,MA2230
105,CS2100
105,CY4651
106,SE1809
106,SE2288
107,IT2449
107,PH3440
107,PH2263
108,MA3578
108,MA3965
108,MA4415
108,MA4816
109,DS2020
109,DS2921
109,DS2599
109,DS4742
110,MA4415
110,MA2598
110,MA4810
110,MA3965
110,MA2156
110,MA2030
111,IT3629
111,IT3504
111,IT1083
111,IT2610
111,IT1875
111,IT4903
112,CS3670
112,PH3440
112,CS3077
113,DS2599
113,DS1976
113,DS1705
114,DS1517
114,DS1705
114,DS4062
115,DS2124
115,DS1420
115,DS2599
115,DS3871
115,DS1517
116,DS4062
116,DS1256
117,CS1960
117,CS2825
118,CS3534
118,CS1092
118,CS3343
118,CS2100
119,IT3504
119,IT2312
119,IT1554
119,IT3629
120,CS3534
120,CS3981
121,DS4694
121,DS2599
122,MA1932
122,MA2133
123,MA2230
123,MA3177
123,MA2156
123,MA1932
123,MA4415
123,MA2598
124,DS2921
124,DS2599
124,DS2124
124,DS1976
124,DS3871
125,MA3177
125,SE1688
125,MA3979
125,PH2145
125,CY2162
125,IT4656
126,DS4062
126,DS3871
126,DS4742
126,DS1976
127,CS2100
127,CS3534
127,CS2825
127,CS3981
127,CS1960
128,DS2020
128,MA2133
129,MA2598
129,MA3979
129,MA2030
129,MA3965
129,MA2156
130,MA2133
130,MA2230
130,MA3177
131,DS2599
131,DS3804
132,DS1976
132,DS2921
133,CS2825
133,CS3670
133,CS1092
134,DS2599
134,DS4062
134,DS2124
135,CY3501
135,MA2230
135,SE1809
135,CY4640
135,DS1705
136,SE2639
136,SE4075
136,SE1809
136,SE4425
137,MA2030
137,MA3328
137,MA2156
137,MA2598
138,CS3534
138,CS3981
138,CS2825
139,SE3802
139,SE4075
139,SE1688
139,SE4425
140,DS2599
140,DS4694
140,DS1705
140,DS2020
140,DS1517
141,MA2598
141,SE4057
141,PH4848
141,MA4415
141,CS3534
142,IT2610
142,IT1875
142,IT1554
142,IT4903
142,IT1670
142,IT1083
143,IT4903
143,IT2610
143,IT3629
143,IT1670
144,SE4251
144,SE4425
144,SE2846
145,CY2162
145,PH3183
145,CS3670
145,PH2121
145,CS3077
146,CY4651
146,DS4742
146,IT4903
146,SE1809
147,CS3343
147,CS2100
148,IT4903
148,IT3629
148,IT3504
148,IT2610
148,IT1083
149,PH2145
149,SE4057
150,CS1960
150,CS2100
150,CS3534
150,CS1092
150,CS3077
150,CS3343
151,SE3424
151,CS3534
151,CS3077
151,CY3156
152,IT3504
152,IT2449
152,IT4656
153,MA3979
153,CY3156
153,SE2958
153,DS3804
154,SE2281
154,SE2336
154,SE4251
154,SE3802
155,DS3871
155,DS1705
155,DS1256
156,MA1932
156,MA2133
157,CS3343
157,CS2100
157,CS3670
158,DS2599
158,DS3871
158,DS1256
158,DS1517
158,DS4062
159,DS4062
159,DS3804
159,DS4694
160,SE2336
160,MA3979
160,MA3965
161,SE4841
161,DS4742
161,SE4425
161,MA2598
161,PH4263
162,MA3177
162,MA2133
162,MA2230
162,MA3439
162,MA3965
163,SE3424
163,SE1688
163,SE1809
164,SE1688
164,SE4075
164,SE4057
165,SE2288
165,SE4841
165,SE3424
166,IT4903
166,PH2121
166,CY4441
166,CY4235
166,PH4263
166,CS3077
167,SE4049
167,SE3802
167,SE1688
167,SE3424
168,IT1554
168,IT3504
168,IT4656
168,IT1875
168,IT1083
168,IT1670
169,SE4985
169,SE2639
170,CS2100
170,CS1960
170,CS3670
170,CS3077
170,CS3343
171,CS3670
171,CS3981
172,CS3670
172,CS1960
173,MA2156
173,SE2288
173,SE2336
173,DS1420
173,DS2921
174,MA4816
174,DS2599
174,PH4483
174,DS1705
174,IT2449
174,CS1960
175,MA4810
175,MA3578
176,DS2020
176,DS1420
176,DS1976
176,DS4742
176,DS1705
176,DS4694
177,PH4483
177,MA4415
177,SE1809
178,IT2449
178,IT3629
178,IT1875
178,IT2312
178,IT1670
179,DS2921
179,MA4415
180,DS2921
180,DS4742
180,DS4062
180,DS1420
181,DS3871
181,SE4251
181,PH3798
182,IT1670
182,IT3629
183,DS2020
183,DS1976
183,DS3871
184,MA4810
184,MA3578
184,MA3177
185,DS1517
185,DS1256
185,DS3804
185,DS1420
186,DS3804
186,DS1420
186,DS4694
187,IT4903
187,IT1083
187,IT4656
188,SE4985
188,SE4425
188,SE1809
188,SE2288
189,IT4903
189,IT2449
189,IT3504
189,IT2610
189,IT3629
190,SE2336
190,SE3698
190,SE4057
190,SE2846
190,SE3802
190,SE2958
191,MA3439
191,MA4810
191,MA3177
191,MA3328
191,MA2156
192,MA4816
192,MA3578
192,MA3965
192,MA3177
192,MA2133
193,MA3965
193,MA2030
193,MA3979
193,MA2156
194,SE1809
194,SE2846
194,SE3802
194,SE4057
195,DS4062
195,DS1256
195,DS1705
195,CS1960
196,CS3981
196,CS3534
196,CS2100
196,CS1960
196,CS2825
197,SE3802
197,SE4911
197,SE4251
198,CS3077
198,CS3981
199,SE4251
199,SE2281
199,SE3424
200,MA2598
200,SE4049
200,IT1670
200,SE4911
200,CS2100
200,PH4848
201,SE3698
201,SE4425
202,IT4656
202,IT1083
203,DS3871
203,DS4062
204,MA4415
204,MA2030
204,MA2598
204,MA3578
204,MA3177
204,MA2156
205,DS1517
205,DS4062
206,IT3629
206,IT1670
206,IT4656
206,IT3504
206,IT1875
207,SE4911
207,CY4372
207,SE4075
207,DS3871
207,SE4743
207,CS3077
208,CY3501
208,DS3804
209,IT3629
209,IT4656
210,CY4235
210,SE2336
210,DS3871
210,MA4810
211,IT1083
211,IT3504
212,CY2162
212,IT1083
212,CY4651
212,IT4903
212,SE2639
212,IT1875
213,CY4499
213,DS2921
213,SE2288
213,PH2770
213,PH2121
213,IT4903
214,DS1976
214,DS1256
214,DS1517
214,DS2921
214,DS4742
215,CY3501
215,DS1256
216,IT3629
216,IT3504
217,CS3534
217,CS3343
217,CS3670
217,CS2825
217,CS1092
218,CS3077
218,CS3343
218,CS2100
219,DS2124
219,DS4062
220,PH3528
220,SE1809
220,PH4388
220,CS1960
221,CS3077
221,CS2825
221,CS3670
222,DS1976
222,DS1256
222,DS1420
223,MA3328
223,MA2133
223,MA4816
223,MA3965
223,MA4810
224,IT1554
224,IT3504
225,IT1554
225,CY2162
225,CY4372
225,DS3871
225,PH2121
225,CS1960
226,SE4425
226,SE4841
226,SE2958
226,SE4985
226,SE2288
227,MA4415
227,SE2846
228,MA3177
228,MA1932
228,MA2030
228,MA3965
229,DS4694
229,DS4062
230,IT3629
230,IT3504
230,IT2312
230,IT1554
230,IT2610
230,IT4903
231,DS1976
231,DS3804
231,DS1420
231,DS1705
232,MA3965
232,PH3798
233,CS1092
233,CS2100
233,CS3534
234,MA3439
234,MA2133
234,PH4848
234,MA3965
234,PH3528
234,PH3798
235,DS3804
235,DS1420
236,SE4057
236,DS2124
236,IT1554
237,MA2230
237,MA4816
237,MA1932
238,DS2124
238,DS2599
238,DS2921
239,SE4841
239,SE1809
239,SE2958
240,MA2598
240,MA1932
240,MA4810
240,MA4816
240,MA3979
241,CS1092
241,CS2100
241,CS2825
242,MA4816
242,MA3177
242,MA3328
242,MA2230
242,MA1932
242,MA2156
243,CS3343
243,CS1092
243,CS3670
243,CS3534
243,CS2100
243,CS3981
244,MA4810
244,MA1932
244,MA3979
244,MA3965
244,MA2030
245,MA2133
245,MA4816
245,MA3177
245,MA2030
245,MA3965
245,MA3578
246,CS3077
246,CS1092
246,CS3343
246,CS1960
246,CS3981
246,CS3534
247,CY4499
247,DS4694
248,SE2958
248,SE3802
248,SE3424
248,SE4841
248,SE4743
249,SE3424
249,PH3528
249,DS4742
250,CS3981
250,CS1960
250,CS2825
250,CS1092
251,IT2610
251,IT4656
251,IT1670
251,IT1875
251,IT4903
252,DS1976
252,DS2599
253,IT4903
253,IT3629
254,SE2336
254,SE4425
254,SE2288
254,SE3698
254,SE4911
254,SE2281
255,MA4415
255,MA2156
255,MA2030
255,MA3439
255,MA3578
255,MA3177
256,IT3504
256,IT2312
257,MA2156
257,MA3439
257,MA2133
258,CS2100
258,CS3534
258,CS3077
259,IT3629
259,IT2312
259,IT4903
260,MA2133
260,MA3439
260,MA3578
261,DS1420
261,DS2921
261,SE4057
261,PH2145
261,DS2124
261,PH2770
262,IT1554
262,IT1670
263,SE4743
263,SE4911
263,SE4425
263,SE2846
263,SE3424
263,SE4251
264,DS1517
264,IT2610
265,IT1083
265,CS1960
265,PH4388
265,SE2639
265,CY3501
266,MA2156
266,MA3979
266,MA2598
266,MA2133
266,MA4816
267,DS3804
267,DS1976
267,DS1705
267,DS4062
267,DS2124
267,DS2020
268,SE4425
268,SE2288
268,SE4841
268,SE4057
268,SE2846
268,SE3802
269,MA1932
269,MA2598
269,MA4810
270,MA3578
270,MA2030
271,SE2336
271,SE4743
271,SE4251
272,CS1092
272,CS3077
272,CS3670
272,CS3343
273,IT4656
273,IT3504
274,IT2312
274,CS2825
274,CS3670
275,SE4251
275,SE4425
276,DS2020
276,DS1976
276,DS4062
276,DS2124
276,DS1256
276,DS1517
277,DS1256
277,DS1976
277,DS2124
277,DS3871
277,DS4062
277,DS4694
278,MA3439
278,SE1688
278,CY4372
278,CY4441
279,CS3670
279,CS2100
279,CS1960
279,CS3077
279,CS1092
279,CS2825
280,CS3077
280,CS3981
280,CS3670
281,IT2312
281,IT3629
281,IT1554
281,IT2610
282,DS2020
282,DS1256
282,DS2921
282,DS4742
282,DS2599
283,MA3965
283,MA2230
283,MA2156
283,MA3578
283,MA3979
283,MA4415
284,DS2599
284,DS1517
284,DS4062
284,DS3804
284,DS3871
285,DS1256
285,DS4062
285,DS2921
286,MA2156
286,PH3283
286,PH4649
286,SE4049
286,IT4656
287,IT1554
287,IT2312
287,IT2449
287,IT1670
288,MA3439
288,MA3177
288,MA4816
288,MA3979
289,DS4062
289,DS1517
289,DS3871
289,DS1420
290,DS2020
290,DS3871
290,DS1517
290,DS3804
290,DS1420
291,PH2121
291,CY3501
291,SE4049
292,IT4656
292,IT3629
292,IT2449
293,MA2156
293,PH3741
293,PH4263
293,CS3343
293,CY2162
293,MA2598
294,SE4425
294,SE4985
295,DS1517
295,DS2020
295,DS2921
296,DS1256
296,DS4694
296,DS1517
296,DS1976
296,DS2599
296,DS4742
297,SE4075
297,CY4235
297,CY2775
298,DS2124
298,DS4742
298,DS1976
299,IT2449
299,IT3629
299,IT1875
299,IT1083
299,IT4903
299,IT1670
300,CS2825
300,CS2100
301,SE4841
301,SE2846
302,CY3156
302,MA1932
302,CS2825
303,CS3981
303,CS2100
303,CS1092
303,CS3343
303,CS1960
303,CS3077
304,CS3981
304,CY4441
304,SE2958
304,SE2846
304,CY3156
305,DS1976
305,DS2599
305,DS1517
306,CS2825
306,CS3077
306,CS3981
307,SE2639
307,SE2958
307,SE2288
308,DS3871
308,DS4062
308,DS2921
309,SE3698
309,SE4049
309,SE2336
309,SE4743
309,SE3802
310,CS2825
310,CS1092
311,MA2030
311,MA3328
311,MA3979
311,MA3439
311,MA4415
312,MA2230
312,MA2156
313,CS3534
313,CS3981
314,IT3629
314,IT1083
314,IT4656
314,IT1875
315,IT3629
315,IT1670
315,IT3504
315,IT1083
315,IT4903
315,IT1875
316,MA2133
316,MA2598
316,MA4415
316,MA3177
317,SE4841
317,SE2958
317,MA4816
318,DS3871
318,CS3981
319,MA3328
319,CY4640
319,SE1688
319,MA2598
319,MA3578
319,IT3629
320,IT2312
320,PH3283
320,CY3177
320,PH2145
321,SE2288
321,SE4841
321,SE3802
321,SE4075
321,SE4985
322,CS3077
322,CS1092
323,MA2156
323,MA2133
323,MA4810
323,MA3177
323,MA2030
323,MA3328
324,CS2100
324,IT1083
324,DS2020
324,SE2288
324,PH3167
325,PH3167
325,SE4425
325,SE3424
326,IT3629
326,IT4903
326,IT1083
326,IT1875
326,IT4656
326,IT2449
327,IT1670
327,IT1875
327,IT1554
327,IT2312
327,IT2610
327,IT4656
328,CS3077
328,CS3981
328,CS3343
328,CS2825
328,CS1092
328,CS1960
329,CS3343
329,CS3670
329,CS3077
329,CS3534
329,CS3981
330,DS1705
330,DS1517
331,DS4062
331,DS2124
331,DS3804
331,DS1976
331,DS1705
331,DS2921
332,SE3424
332,SE2639
332,SE4251
332,SE2336
332,SE2281
333,SE4985
333,SE2639
333,SE3698
333,SE2846
334,SE4911
334,SE4049
334,MA4810
335,DS3871
335,DS1256
335,DS2921
335,DS1420
335,DS4694
336,CY4441
336,MA4810
336,MA3979
336,PH3798
337,CY4235
337,MA3578
337,CY3177
337,CY2761
338,SE2958
338,SE3424
338,SE1688
339,IT4656
339,IT2449
339,IT2610
339,IT2312
340,IT3504
340,PH3183
340,CY2449
340,IT1083
341,MA3979
341,MA1932
341,MA4810
342,SE1688
342,SE2639
342,SE4251
342,SE4425
343,MA3965
343,MA2230
343,MA2156
344,DS3871
344,DS1976
344,DS1517
344,DS4694
344,DS2921
345,CS3981
345,DS1705
346,IT4903
346,IT4656
346,IT2312
346,IT2449
346,IT3629
346,IT2610
347,MA4816
347,DS4694
347,IT3629
347,CY2761
347,PH4649
348,CS1092
348,PH4483
348,PH3440
348,PH3183
348,DS2921
349,IT1670
349,IT4903
349,IT1875
349,IT4656
349,IT2610
350,IT2449
350,IT4903
350,IT1670
350,IT3629
350,IT2312
351,DS3804
351,DS1705
351,DS3871
351,DS1420
352,CS3670
352,CS2825
353,SE4841
353,SE2639
353,SE2846
353,SE4251
353,SE4425
353,SE3802
354,DS3871
354,DS2921
354,DS1420
354,DS1976
354,DS4694
354,DS3804
355,PH3440
355,SE1688
356,CY4441
356,SE3698
356,CY3501
356,MA3965
356,CS3534
356,MA4810
357,IT4903
357,IT4656
358,CY3177
358,CS3077
358,DS3871
359,CS2100
359,CS3670
359,CS3077
360,IT1083
360,IT4656
360,DS2124
361,CY4235
361,SE2336
361,PH3817
361,IT1875
361,PH4649
361,IT1670
362,PH2770
362,DS1976
362,DS3804
362,MA2156
363,IT4656
363,IT3504
363,IT4903
363,IT2312
364,IT2610
364,CS2100
364,SE2281
364,SE4251
364,IT3629
365,CS2825
365,CS1092
365,CS3343
365,CS2100
365,CS3077
366,DS3804
366,DS1976
366,DS4062
367,DS2599
367,DS2124
367,DS4742
367,DS2921
367,DS1420
367,DS1517
368,SE4075
368,SE1688
368,SE1809
368,SE4911
368,SE4251
369,CS2825
369,CS1092
369,CS3534
370,PH2263
370,CY3177
370,IT3504
370,SE4743
370,CY2449
370,MA2156
371,SE4049
371,SE2846
371,SE1688
371,SE1809
371,SE4841
371,SE4251
372,MA3439
372,MA4415
372,MA3328
372,MA3965
372,MA2230
373,SE3698
373,SE1809
373,SE4057
373,SE2639
373,SE4985
374,SE4841
374,SE2639
374,SE4911
374,SE4425
374,SE3802
375,MA4816
375,MA3965
375,IT3504
375,MA2030
375,CY2162
376,CS3981
376,CS3343
377,DS1256
377,SE3424
377,IT4903
378,DS2020
378,MA4816
378,CY2775
378,DS3804
378,CS3981
378,PH3167
379,SE2639
379,SE4841
379,SE4911
379,SE4743
380,IT2449
380,IT4656
380,IT2610
380,IT1083
380,IT1875
381,CS1960
381,CS3670
382,PH3817
382,IT3629
382,IT1875
382,CS2100
383,SE4049
383,CY2449
383,CY4640
383,PH3798
383,DS3871
384,IT2312
384,IT3629
385,CS2100
385,CS3534
386,CS3343
386,CS3077
386,CS3534
386,CS3670
386,CS2825
387,CS3670
387,CS3077
388,SE2288
388,DS2124
388,PH2770
388,IT1554
388,CS3077
389,MA2030
389,DS1420
389,PH4388
390,IT3504
390,IT3629
390,IT4903
390,IT1875
391,IT4903
391,MA3439
391,DS2599
391,PH4848
392,IT2610
392,IT2449
392,IT1670
392,IT4656
393,SE3424
393,SE4049
393,SE4075
394,MA3979
394,MA3439
394,MA2156
394,MA2133
394,MA2230
395,CY4441
395,IT4656
396,SE2846
396,SE2336
396,SE2281
396,PH3183
396,CY4651
397,CS3343
397,CS1960
397,CS2825
398,IT4903
398,IT1670
398,IT1083
399,IT1083
399,IT2610
399,IT1670
400,SE4057
400,SE2958
400,SE3698
401,DS2921
401,CY4235
402,SE1809
402,DS3804
402,DS4742
402,CS3534
402,SE2336
402,IT2449
403,SE3424
403,SE4049
403,SE2639
403,SE1809
403,SE3802
403,SE4075
404,DS4062
404,MA3979
404,IT2449
404,PH3167
404,CY4640
405,DS1976
405,DS2599
406,DS4694
406,DS1517
407,DS1705
407,DS2599
407,DS3804
407,DS1517
407,DS4062
408,IT3504
408,IT4903
408,IT4656
409,SE4985
409,SE2288
409,SE4075
409,DS1705
409,SE2639
409,DS3871
410,CS3343
410,CS2100
410,CS1960
411,IT4656
411,IT1875
411,IT2610
412,IT2312
412,IT1554
412,IT2449
413,IT4656
413,IT1670
414,CS2100
414,CS3670
414,CS3343
415,CS1960
415,CS1092
415,CS3670
416,MA2133
416,MA3177
416,MA4810
416,MA2030
416,MA2230
417,SE4251
417,DS4694
417,SE4911
418,CS2100
418,CS3077
418,CS1960
418,CS3534
419,SE3802
419,SE1809
419,SE4075
419,SE2639
419,SE4049
419,SE4251
420,DS4062
420,DS3804
420,DS2921
420,DS3871
420,DS1420
421,PH4848
421,MA3439
422,MA3965
422,MA3439
422,MA4415
422,MA2133
423,SE2958
423,CS2100
423,CS1960
423,IT1554
424,MA4415
424,MA3439
425,SE4049
425,SE2846
425,SE3698
425,SE2281
426,IT3504
426,IT1554
427,SE2281
427,CS3534
428,SE4841
428,SE2336
428,CY4651
429,CS3077
429,CS2100
429,CS2825
429,CS3343
429,CS3981
429,CS3670
430,DS1420
430,DS3871
430,CY4441
430,IT4656
431,CS2825
431,CS3670
432,MA3439
432,SE4743
433,PH3817
433,PH3183
434,CS3981
434,CS3343
434,CS2100
434,CS1092
434,CS2825
434,CS3534
435,DS4062
435,DS1517
435,DS1420
436,CS3343
436,CS3670
436,CS3077
436,CS2825
436,CS1092
437,DS1517
437,DS1976
437,DS2921
437,DS4694
437,DS4062
437,DS1420
438,DS3804
438,DS1256
438,CY4235
438,CY3501
439,CS2825
439,CS1960
439,CS1092
439,CS2100
440,SE3698
440,SE1809
440,SE4251
440,SE2336
441,CY2449
441,PH3798
441,SE2639
442,SE3424
442,SE2288
442,SE3698
442,SE4057
443,CS3343
443,CS3670
443,CS3534
444,DS4742
444,DS2921
445,DS3871
445,DS4742
445,DS3804
445,DS1256
445,DS1976
445,DS4062
446,MA3578
446,MA3439
447,SE1688
447,SE2281
447,SE4911
447,SE4985
448,DS1705
448,DS2921
448,DS3804
448,PH2263
448,PH4263
449,DS3804
449,DS1256
450,SE2288
450,SE2958
451,CS3670
451,CY4640
451,SE1809
451,IT2449
452,CY2761
452,CS3077
452,MA3979
453,DS2599
453,DS4742
453,DS4062
453,DS1976
453,DS3804
453,DS1256
454,CS1092
454,CS3534
454,CS2825
455,MA2156
455,MA3177
456,DS3871
456,DS4694
456,DS4742
456,DS2124
457,IT1875
457,IT4656
458,MA4810
458,MA2133
458,MA3177
459,SE2281
459,SE4743
460,CS3534
460,CS3077
461,MA4415
461,MA3328
462,CS3981
462,CS3534
462,CS3077
462,CS2825
462,CS2100
462,CS3343
463,CS1960
463,SE4911
463,PH3817
463,SE2958
463,SE4743
464,SE2639
464,SE3802
465,CS3981
465,CS3670
465,CS3534
465,CS3343
465,CS3077
466,CY2162
466,CY4499
466,CY4640
466,SE1688
466,DS1517
466,CY4235
467,IT1875
467,IT3629
467,IT2610
467,IT1670
467,IT3504
468,MA2156
468,MA4816
468,MA3177
469,IT1554
469,IT4656
470,DS2020
470,PH3440
470,DS3871
470,MA2030
471,SE2639
471,DS4062
471,PH4483
472,SE4251
472,IT4903
472,IT1554
472,SE3698
473,DS1705
473,DS3871
473,DS2921
473,DS4742
474,DS1420
474,DS4742
475,MA1932
475,MA3965
476,CS3670
476,CY2162
476,PH3440
477,CS2825
477,SE2958
478,CS3077
478,CS3534
478,CS2825
479,MA3177
479,MA4810
479,MA2156
479,MA2230
479,MA2133
479,MA2598
480,CS3981
480,CS3077
480,CS2100
480,CS3534
481,SE2639
481,SE4425
481,SE4841
481,SE4075
481,SE4985
481,SE3802
482,CS2825
482,PH3440
482,SE3424
482,DS4694
482,PH4388
483,IT1554
483,IT2449
483,IT1875
484,SE1688
484,DS1517
484,DS3804
484,MA4415
484,SE2281
484,IT4903
485,DS1420
485,DS1705
485,DS2599
485,DS2124
486,IT1875
486,IT1083
486,IT2610
487,SE4743
487,SE3802
487,SE2639
487,SE2281
487,SE2958
488,DS2599
488,DS4694
489,IT2312
489,SE4985
489,CS3670
489,CS1960
489,PH3741
489,SE1809
490,MA2156
490,MA2133
490,MA2230
490,MA3328
491,SE2288
491,SE2958
491,DS4694
491,CS3343
492,SE2288
492,SE2639
492,MA3965
492,SE4425
492,PH3440
492,CY2449
493,SE1688
493,MA4816
493,PH4263
494,MA3979
494,MA4816
494,MA3578
494,MA2030
494,MA2133
494,MA3965
495,SE2958
495,SE2288
495,SE4985
495,SE2639
496,SE4075
496,SE3802
496,SE4425
496,SE4743
496,SE2639
496,SE3424
497,CS3534
497,CS3077
497,CS1092
497,CS3670
497,CS1960
497,CS3981
498,SE2639
498,SE4985
499,CS3534
499,DS1256
500,SE4743
500,SE2281
500,SE1809
500,SE4075
501,CS3077
501,CS2825
501,CS3670
502,MA4415
502,MA2230
502,MA2156
502,MA3578
502,MA3979
503,SE4057
503,CS3981
503,SE1809
503,IT1554
504,PH3440
504,SE2336
504,IT4903
504,CY4651
505,IT1554
505,IT1875
505,IT2312
505,IT3629
505,IT4656
506,DS1705
506,DS4742
507,DS4694
507,DS1420
507,DS3804
508,IT1554
508,IT2312
508,IT2449
508,IT3629
508,IT1875
508,IT4656
509,IT1554
509,IT3629
510,IT4903
510,IT3504
511,DS1420
511,CY3156
511,CY4651
511,CY2761
512,IT3504
512,IT1554
513,SE2281
513,DS4742
513,IT4903
514,PH3817
514,CY4499
514,DS2921
514,DS1705
514,PH4388
514,PH3440
515,IT3504
515,SE2846
515,SE2281
515,PH2145
515,CY4499
515,SE4841
516,CS1960
516,CS3343
517,MA4810
517,DS3804
517,CY4372
517,MA1932
518,CS3981
518,CS3077
518,CS1960
518,CS2100
518,CS2825
519,DS4062
519,DS2020
519,DS3871
519,DS1705
520,MA4415
520,MA2156
520,MA2230
520,MA3439
520,MA3578
521,SE1688
521,SE2336
521,SE4743
522,IT1875
522,IT2610
523,IT1083
523,IT3629
523,IT1670
523,IT2610
524,CY4372
524,IT4656
524,CY4441
524,CS3981
524,CY2162
525,SE2958
525,SE3698
525,SE4911
525,SE4049
525,SE1809
525,SE4251
526,SE2958
526,SE2846
526,SE2639
526,SE3698
526,SE4985
526,SE3802
527,PH4388
527,SE3424
527,PH4263
528,IT2449
528,IT1554
528,IT1670
528,IT1875
528,IT1083
528,IT4656
529,PH2770
529,DS3871
529,SE1809
529,MA3328
529,IT3504
530,MA3328
530,MA2156
530,CY4640
530,PH3440
531,MA2156
531,MA3578
531,MA4810
531,MA2230
532,IT3629
532,IT2449
532,IT1083
532,IT2610
533,IT1554
533,IT4903
533,IT1875
534,IT3504
534,IT1670
534,IT2312
534,IT1083
535,MA1932
535,MA4810
535,MA2230
535,MA3578
535,MA2133
536,IT2312
536,IT2610
536,IT1083
536,IT3629
536,IT1554
537,DS1256
537,DS1976
537,DS4062
537,DS2921
537,DS3804
537,DS2124
538,CS3534
538,CS2825
538,CS3343
538,CS2100
539,DS2599
539,DS1976
539,DS2020
539,DS1420
539,DS3871
540,CS3077
540,CS1960
540,CS2100
540,CS2825
540,CS3981
540,CS3670
541,MA2598
541,MA3965
541,MA3979
542,CS1960
542,CS3077
542,CS2825
542,CS3343
543,IT1083
543,IT1670
543,IT2449
544,IT1670
544,IT2610
545,SE4049
545,CY4651
545,IT2312
545,CY2449
546,CS3670
546,CS1960
546,CS3981
546,CS2825
546,CS2100
547,DS4694
547,DS1420
548,MA2230
548,MA2030
548,MA2156
548,MA4415
549,DS3871
549,DS1705
549,DS4694
550,MA3439
550,MA2030
550,MA2230
550,MA3979
550,MA3965
551,CY2449
551,MA4816
551,DS4694
552,SE3698
552,SE2639
552,SE4985
553,CY2775
553,DS4062
553,DS2599
553,DS3871
553,PH3528
554,SE4251
554,SE4985
554,SE2958
555,DS4694
555,SE3698
555,PH3167
555,SE1688
555,CS2825
556,DS3804
556,DS1256
556,DS2020
557,MA1932
557,IT3629
557,SE2281
557,MA3578
558,IT4903
558,MA2030
558,MA1932
558,DS3804
559,DS2599
559,MA2156
559,MA3328
559,SE4425
559,CS2100
559,MA4816
560,CY3156
560,CS3981
560,PH2263
561,DS2020
561,DS2124
561,DS4062
562,CS3534
562,CS1092
563,DS3804
563,DS1256
563,DS2599
563,DS1420
563,DS1517
563,DS2020
564,IT4903
564,IT1875
564,IT3504
564,IT1670
564,IT2449
564,IT1554
565,DS1705
565,MA2133
565,SE4049
565,PH2121
565,PH3183
566,IT1083
566,IT2312
566,IT1554
566,IT2449
566,IT4903
567,IT1083
567,IT2449
567,IT3629
567,IT2312
567,IT4656
568,IT1875
568,IT2312
568,IT1554
568,IT1670
569,MA3578
569,MA4816
569,MA4415
569,MA2598
570,DS3804
570,DS2124
570,DS1976
570,DS1705
570,DS3871
571,SE4049
571,PH4263
572,SE4743
572,SE4049
572,SE4057
572,SE3424
573,IT3629
573,IT1670
573,IT1083
573,IT3504
574,CS3077
574,CS2100
574,CS1960
574,CS1092
575,CS1092
575,CS2825
575,CS3077
575,CS3981
575,CS1960
576,SE4057
576,SE4425
576,SE4841
576,SE3424
577,IT1083
577,SE1809
577,IT3629
577,MA4810
577,DS4742
577,DS2020
578,DS1256
578,DS1517
578,DS2124
578,DS4694
578,DS2921
579,SE4075
579,IT1083
580,CS1092
580,CS3343
580,CS3534
580,CS2100
580,CS1960
580,CS3077
581,CS2825
581,CS1960
582,DS4742
582,MA2230
582,MA2598
583,CS3981
583,CS3534
584,CS1092
584,CS3534
585,SE4049
585,SE4075
585,SE2281
585,SE3698
586,PH4388
586,CS3077
586,MA4810
586,DS4694
586,SE2281
586,CY4441
587,MA1932
587,MA4415
587,MA3578
587,MA3177
588,CS3670
588,CS1960
588,CS1092
588,CS3534
589,CY3501
589,IT1875
589,DS4742
589,PH2121
589,CS1960
590,CS3343
590,IT3629
590,SE4425
590,PH3183
590,IT4656
591,SE4743
591,MA4810
592,SE3424
592,SE1688
593,IT2610
593,IT4656
594,MA4816
594,DS2921
594,IT2610
594,PH4388
595,SE2281
595,SE1688
596,IT2312
596,DS3871
597,MA2133
597,MA4810
597,MA2156
598,SE2336
598,CY4235
598,DS2020
598,SE2639
598,CS2825
599,MA4816
599,MA3439
599,MA2230
599,MA4810
599,MA2598
599,MA2133
600,MA4816
600,MA3578
601,MA3965
601,MA2030
601,MA2230
601,MA4415
601,MA3578
602,DS1256
602,CY3501
602,CY3177
603,CY4235
603,SE2846
603,DS4742
603,DS1976
603,PH4848
603,CY4441
604,CS3981
604,CS3670
604,CS3077
605,DS1517
605,PH4848
605,SE4057
605,DS2921
605,PH3741
605,DS1256
606,DS2599
606,DS1517
607,SE4743
607,SE4911
607,SE2336
607,SE4251
607,SE2288
607,SE2281
608,DS3804
608,DS2020
608,DS2921
608,DS4694
609,CS1092
609,PH3798
609,MA4810
610,CS3670
610,PH4848
610,IT1554
610,CY4372
610,DS1705
611,CY2761
611,MA3328
612,DS2599
612,DS1517
612,DS3804
612,DS4694
613,CY4640
613,MA3578
613,MA3177
613,SE4075
613,IT2449
614,SE2288
614,SE2336
614,SE4075
614,SE4049
615,MA3578
615,MA2133
616,MA4816
616,MA2156
616,MA3177
617,IT1554
617,IT4656
617,IT3504
617,IT1875
617,IT4903
617,IT1083
618,IT4903
618,IT3629
618,IT2312
618,IT4656
619,CS3343
619,CS1960
619,CS3981
619,CS2825
619,CS3534
620,CS1960
620,CS3981
620,CS3670
620,CS2100
620,CS3077
620,CS3534
621,DS2020
621,DS2599
622,DS1976
622,DS3871
623,IT1083
623,IT4656
623,IT2312
623,IT1875
624,SE4743
624,SE4841
624,SE2958
624,SE2288
624,SE3802
624,SE4075
625,MA2598
625,MA4415
625,MA3979
626,IT1875
626,IT3629
626,IT2610
626,IT4903
626,IT1554
626,IT4656
627,SE4911
627,SE3698
627,SE2639
627,SE1809
627,SE2846
628,SE1688
628,SE2958
628,SE4911
629,DS3871
629,DS3804
630,SE2288
630,SE2336
630,SE2958
631,SE2639
631,IT1554
631,PH3183
632,SE4841
632,SE4057
632,SE4251
633,DS2124
633,DS4742
633,DS4062
634,SE3698
634,SE2846
634,SE4075
634,SE2288
634,SE3802
634,SE4743
635,IT2610
635,IT4903
636,MA3979
636,MA2156
637,IT1670
637,IT2449
638,SE2639
638,SE1809
638,SE4911
638,SE3424
639,MA4415
639,PH2121
639,CY4499
640,DS4062
640,PH4848
641,MA3965
641,MA3177
641,MA2598
641,MA3979
641,MA2156
642,DS3804
642,CY4640
642,CS2100
642,SE2846
642,MA4816
643,IT2449
643,SE4251
643,PH2121
644,DS1517
644,DS1256
644,DS2124
645,MA4810
645,DS1705
645,CY4640
645,DS4062
646,SE4049
646,SE2288
646,SE4743
646,SE3698
646,SE4985
646,SE4425
647,DS1420
647,DS1256
647,DS4742
647,DS2020
647,DS1517
648,DS4694
648,DS2020
648,DS1420
649,PH2770
649,PH3183
649,SE4425
650,MA3439
650,MA3965
650,SE1809
650,DS1976
650,DS2599
651,DS2599
651,DS1420
652,MA4816
652,MA2598
652,MA3177
652,MA3328
653,IT1554
653,IT3629
653,IT1875
653,IT1670
653,IT2610
653,IT4903
654,DS4694
654,DS1420
654,CS3981
654,PH2145
654,PH3440
655,DS2921
655,DS2020
655,DS4742
655,DS3871
655,DS2124
656,DS1420
656,DS2599
656,DS4062
656,DS1517
656,DS2020
656,DS4694
657,SE4057
657,PH4848
657,CY4640
657,MA4415
657,SE4743
657,CY4372
658,MA2230
658,MA2156
658,MA3439
658,MA3328
658,MA4810
659,CS2825
659,CS2100
660,SE2336
660,SE4057
660,SE2288
660,SE3802
661,IT1875
661,IT2312
661,IT4656
662,SE4049
662,SE4911
662,SE4985
662,IT1875
663,CS3534
663,CS3670
663,CS2100
664,IT2312
664,IT1875
664,IT4656
664,IT1083
664,IT3629
665,MA3439
665,MA4810
665,MA3965
665,MA1932
665,MA2133
666,MA2156
666,MA4810
666,MA2598
666,MA2133
667,DS1420
667,DS1976
667,DS3804
668,SE2281
668,PH2221
668,SE4425
668,SE2639
669,CY4372
669,IT1554
670,CS1960
670,CS3670
670,CS2825
670,CS3343
671,SE4075
671,MA4810
672,MA3177
672,MA4816
672,MA4810
673,MA3979
673,MA4415
673,MA2230
673,MA3439
674,CS1960
674,CS3981
674,CS3534
674,CS2100
675,MA3979
675,MA4415
676,IT2312
676,DS3871
676,IT4903
676,DS1976
677,MA2230
677,MA2156
677,MA3439
677,MA4816
677,MA2030
678,CS3343
678,CS2100
678,CS3981
678,CS1092
678,CS2825
678,CS3534
679,DS2599
679,DS1976
679,DS1517
679,DS4062
680,DS2921
680,IT2312
680,PH4649
680,CS3343
681,PH4848
681,MA3965
682,CS3077
682,CS1092
683,MA4415
683,IT1554
684,SE4841
684,DS2599
684,IT2610
684,DS2921
684,SE4743
685,IT2610
685,IT2449
686,CS2100
686,CS3981
686,MA2133
686,DS1517
687,SE2639
687,SE2288
688,MA2598
688,MA3177
688,MA2156
688,MA3439
689,DS1517
689,DS1256
690,CY4372
690,IT1554
691,SE4425
691,SE4075
691,DS4694
692,IT4903
692,SE4841
692,MA3578
692,DS2599
693,CS3670
693,CY3177
693,DS2599
693,PH4263
693,PH3283
694,SE2281
694,IT1670
694,SE4911
695,CS3077
695,CS3670
695,CS2825
695,CS3981
695,CS1960
696,IT3504
696,IT1083
696,IT4656
696,IT1875
696,IT1670
697,IT3629
697,DS4694
697,CS2825
697,CS3343
698,MA2030
698,MA2133
699,CS3670
699,CS3077
699,CS1960
700,CS2100
700,CS2825
700,CS3534
700,CS1092
700,CS3343
701,DS4742
701,DS2124
701,DS4694
701,DS1705
701,DS4062
702,MA4415
702,MA2133
703,IT1554
703,IT4656
703,IT2610
703,IT2312
703,IT1083
703,IT3504
704,IT1554
704,IT2312
704,IT2449
705,CS3343
705,CS3077
705,CS3670
705,CS2100
706,DS1420
706,DS3804
707,CS3670
707,CS2100
707,CS1960
707,CS3981
708,MA4816
708,MA4810
708,MA2156
708,MA3979
708,MA4415
708,MA2598
709,DS1976
709,DS4742
709,DS1517
709,DS3871
709,DS2599
710,DS4062
710,DS2020
710,DS1256
710,DS4694
711,MA3578
711,MA3979
711,MA2156
711,MA1932
711,MA3177
712,DS1256
712,DS3804
712,DS2599
712,DS3871
713,MA2230
713,DS2921
713,PH3528
713,MA2598
713,DS1256
713,PH3183
714,CY4372
714,MA3578
715,SE1688
715,PH2145
715,IT3629
715,MA4415
715,CY2775
715,CY3177
716,CY3501
716,IT2312
716,PH2145
716,PH3798
717,DS1256
717,DS4694
717,DS3871
718,DS4742
718,DS2599
719,IT4656
719,IT1875
719,IT2449
719,IT3504
720,MA2156
720,MA2133
720,MA3578
720,MA1932
720,MA3439
720,MA2230
721,CS2825
721,CS3670
721,CS3077
721,CS2100
721,CS3534
721,CS3343
722,SE2336
722,CY2162
722,SE2846
722,DS3804
722,SE2958
722,SE4075
723,CS2825
723,SE3802
723,PH2770
723,IT1670
723,IT2312
724,CS2100
724,CS1092
724,CS3343
724,CS2825
724,CS3981
724,CS3077
725,SE2958
725,CY3156
725,IT4656
725,DS3804
725,CS3670
726,CS2825
726,CS3670
727,DS1256
727,DS1420
727,MA3328
727,CS1960
727,DS2020
727,SE4049
728,CS1960
728,CS3670
728,CS3077
728,CS2825
728,CS3343
728,CS3534
729,DS2124
729,DS2599
729,DS4694
729,DS1517
729,DS1705
730,MA3328
730,MA3979
730,MA2156
731,IT4903
731,DS4742
731,DS4062
731,PH2221
731,CY2449
732,SE1688
732,SE2846
732,SE2639
733,CS3670
733,MA2030
733,IT4656
733,IT3504
734,MA3439
734,CY3177
735,IT1875
735,IT1670
735,IT3629
736,MA3177
736,MA1932
736,MA3979
736,MA2230
736,MA4810
737,CS2100
737,PH4388
737,MA3439
737,SE2846
738,SE4743
738,SE2281
738,SE2639
738,SE2958
739,SE2846
739,SE4425
739,CY2449
739,MA4816
739,CY4441
740,SE4251
740,DS1705
740,DS2921
741,DS1517
741,MA2030
741,CY4499
741,SE3698
741,CY3501
742,SE4057
742,SE4841
742,PH2770
742,MA3979
742,CY4499
742,SE4075
743,MA2156
743,MA2030
743,MA4415
743,MA3578
743,MA2230
743,MA3328
744,IT3629
744,IT2312
744,IT4903
744,IT4656
745,MA2230
745,SE3698
745,DS3804
745,SE4049
746,SE4251
746,SE3802
747,DS4062
747,DS2020
747,DS4742
747,DS1420
747,DS2124
748,SE2336
748,SE2281
748,SE1688
748,SE4425
748,SE2846
749,SE4425
749,SE4057
749,SE2288
749,SE2639
750,IT2610
750,IT3504
750,IT4903
750,IT1554
751,SE2639
751,SE4049
751,IT3629
751,CS3981
751,CY3177
752,IT4903
752,IT1083
752,IT2449
752,IT4656
752,IT1875
753,CS3077
753,CS1092
753,CS3981
754,CY4441
754,DS1256
754,MA3439
754,CY4640
755,DS2020
755,DS4742
755,DS2921
755,DS1976
755,DS1705
755,DS4062
756,DS2921
756,DS2124
756,DS2020
757,DS1517
757,MA2230
757,IT4903
757,SE1809
758,SE4425
758,SE3698
758,SE4911
758,SE4049
759,CS3670
759,CS2825
759,CS3077
760,CS3343
760,SE2336
760,IT3629
760,MA4816
761,IT2449
761,IT1083
761,IT4656
762,DS4742
762,DS1517
762,DS4694
763,CY2761
763,CY2162
763,CS3077
763,DS2599
763,SE4075
764,PH3741
764,SE4841
764,DS4694
764,IT1670
765,SE2846
765,SE3424
766,IT1554
766,MA4816
767,MA3439
767,MA3177
767,MA2030
767,MA2156
767,MA3578
767,MA3965
768,DS1976
768,DS1256
768,DS1705
768,DS1420
769,CS3981
769,CS1092
769,CS1960
770,SE4057
770,SE1809
771,MA2030
771,MA2230
771,MA2598
771,MA3578
771,MA1932
772,CS3670
772,MA2230
773,CS3670
773,CS1960
773,CS3343
773,CS2100
773,CS3981
773,CS3534
774,CY4651
774,SE2336
774,CY4640
774,DS1420
774,CY2775
775,PH3167
775,MA3177
775,IT4903
775,SE4057
775,SE4049
775,IT4656
776,SE3698
776,MA4816
776,MA3328
776,PH2770
776,SE2281
776,CY2162
777,SE4841
777,SE3698
777,SE2336
777,SE2958
777,SE2639
777,SE2288
778,CS1092
778,CS3670
779,IT2312
779,IT4656
779,IT3504
779,IT2610
779,IT1875
779,IT3629
780,PH4388
780,CY2775
780,PH2121
780,SE1688
780,CY2162
780,SE3698
781,PH2145
781,MA3177
782,MA2133
782,MA2598
783,CS3670
783,CS1960
783,CS3981
783,CS3343
783,CS1092
784,CS1092
784,CS2825
785,DS3871
785,DS4742
785,DS1517
786,MA4415
786,MA3439
786,MA4810
786,MA3328
787,CS1092
787,CS3077
787,CS3981
787,CS3670
788,MA3965
788,MA2133
788,MA1932
788,MA2156
788,MA3328
788,MA4810
789,DS1517
789,DS1705
789,DS2599
790,CS3670
790,CS3343
790,CS3534
790,CS2100
791,CS1960
791,CS2825
791,CS2100
791,CS3981
792,DS2020
792,DS1256
792,DS1517
792,DS1705
792,DS4742
792,DS1420
793,IT2312
793,SE4425
793,MA4816
793,IT1554
793,SE4049
794,MA2156
794,MA2030
795,DS1256
795,DS2124
795,DS1705
795,DS1517
795,DS2020
795,DS4742
796,SE3424
796,SE3802
796,SE4841
797,CY4235
797,SE2639
797,MA2598
797,MA4816
798,DS1705
798,DS4742
798,DS2020
799,SE2846
799,SE3424
799,SE4841
799,SE2336
799,SE3698
799,SE2639
800,DS2599
800,DS2921
800,DS1705
800,DS2020
800,DS3804
801,CS3343
801,CS3534
801,CS1092
801,CS3981
802,SE1809
802,SE4057
802,SE4251
802,SE4049
802,SE2958
803,DS1976
803,DS3804
803,DS4694
803,DS1256
803,DS2124
803,DS2020
804,SE4743
804,CY2162
804,MA4816
804,MA2230
805,PH3167
805,SE4743
806,CY4651
806,IT4656
806,SE4425
806,SE4075
806,CS3670
806,DS3804
807,DS1705
807,DS2124
807,DS4694
807,DS1976
808,CS2825
808,CS1960
808,CS1092
808,CS3343
808,CS3077
808,CS2100
809,SE1809
809,SE4911
809,SE3802
809,SE4057
809,SE2639
810,SE2639
810,CY4372
810,CS1960
811,CS3670
811,CS3077
812,SE3802
812,MA4816
813,MA4816
813,MA2030
813,MA2156
813,MA3439
813,MA3979
813,MA3328
814,IT1554
814,IT1083
814,IT3629
814,IT1670
814,IT2610
814,IT4656
815,MA3578
815,PH2145
815,PH4483
815,PH3283
815,SE4911
816,PH4263
816,CY2761
816,SE1688
816,DS1256
816,IT4903
817,CS3077
817,CS3670
817,CS2825
817,CS3981
817,CS1960
818,CS3077
818,CS2825
818,CS3981
818,CS1960
819,MA2598
819,MA1932
819,MA3578
820,PH2221
820,DS2020
820,MA2598
820,SE4057
820,MA3177
820,PH4848
821,CS3981
821,CS2100
821,CS3670
821,CS3077
822,MA4810
822,MA4415
822,MA3328
822,MA2598
823,CS3534
823,CS2100
824,MA2156
824,MA2230
824,MA2133
824,MA3177
825,MA1932
825,MA3177
826,CS3670
826,CS2825
826,CS3981
826,CS1960
826,CS3077
826,CS3534
827,MA3578
827,MA2156
827,MA2230
827,MA3965
827,MA3439
828,SE4985
828,CY4372
828,MA1932
828,PH3183
828,MA3177
828,PH2221
829,MA3328
829,SE4075
829,CS3670
829,CY2775
830,CS3670
830,CS3534
830,CS1092
830,CS2100
831,IT3629
831,IT3504
831,IT4656
832,IT1554
832,IT1670
832,IT2312
833,DS4694
833,DS2124
833,DS1420
833,DS1705
833,DS1256
833,DS2921
834,IT2312
834,IT2610
834,IT1875
835,SE1809
835,MA2230
835,CY3177
835,PH4848
835,PH4388
835,PH2263
836,PH4649
836,SE4743
836,DS2020
836,PH4483
837,IT3629
837,IT2449
838,IT1554
838,IT1670
838,IT1875
838,IT2449
838,IT2312
839,CS3534
839,CS1092
839,CS2100
839,CS3343
840,PH3283
840,PH2221
840,IT3629
841,SE2846
841,SE2336
841,SE4911
841,SE2281
841,SE1809
842,MA3439
842,MA3177
842,MA3578
842,MA3328
842,MA1932
843,MA3578
843,DS1705
843,PH2263
843,SE2958
844,CS3077
844,CS2100
845,CS3077
845,CS3534
845,CS3343
846,CS3077
846,CS1960
847,IT4656
847,IT1875
847,IT2449
847,IT2610
848,CS1092
848,CS3077
848,CS2825
848,CS3670
848,CS2100
848,CS3981
849,SE2288
849,PH3741
849,IT2449
849,IT1083
849,CY3177
849,PH2221
850,MA3439
850,MA3328
850,MA2030
850,MA3979
850,MA4810
850,MA1932
851,MA2133
851,SE4251
852,CY4372
852,CY4235
853,CS3077
853,CY4372
854,IT3504
854,IT4656
854,IT4903
854,IT1875
854,IT3629
854,IT1554
855,SE2288
855,SE2639
855,SE2281
855,SE2336
855,SE4075
856,PH4848
856,MA4816
857,IT1554
857,IT4656
857,IT1875
857,IT2449
857,IT2610
858,CS2825
858,CS3534
858,CS1092
858,CS3670
858,CS1960
858,CS3077
859,MA3965
859,MA2230
859,MA3328
859,MA3979
859,MA2030
859,MA2156
860,DS1256
860,SE4075
860,MA3439
860,DS2599
861,PH4848
861,CS3981
861,SE4425
862,SE2288
862,IT1083
862,PH3528
863,CS1092
863,CS2100
863,CS3981
863,CS3077
863,CS3343
864,SE4985
864,MA2598
864,SE4251
864,CY2761
864,PH2770
864,IT1083
865,CS3534
865,SE4743
866,MA3439
866,MA3979
866,MA2156
866,MA3328
866,MA4810
867,PH2263
867,CS2100
867,DS3804
867,DS4742
867,MA3328
868,IT2610
868,SE4911
868,PH4388
868,DS1420
868,DS1256
869,DS4742
869,DS2921
870,CS2100
870,CS1092
870,CS1960
871,DS3804
871,DS4062
871,DS2124
871,DS4742
872,IT2312
872,IT1554
872,IT1083
872,IT4903
872,IT2610
872,IT1875
873,CS3343
873,CS3077
874,CS3343
874,CS2100
874,CS3670
874,CS1092
874,CS3534
875,MA4810
875,MA2030
875,MA3979
875,MA3439
875,MA2230
875,MA3177
876,DS2124
876,DS1705
876,DS3804
876,DS2599
876,DS3871
877,DS1976
877,DS2124
877,DS4694
877,DS3871
877,DS4742
877,DS1256
878,PH3798
878,PH3817
878,CY2449
878,SE4425
878,IT3629
879,DS3804
879,DS3871
879,DS2599
879,DS1256
879,DS4694
879,DS2124
880,MA1932
880,MA3578
880,MA2598
880,MA4810
880,MA3328
881,CS1960
881,CS3343
881,CS2825
881,CS2100
881,CS3077
882,MA2598
882,CY4651
882,MA3439
883,DS1705
883,DS2020
884,IT1554
884,IT1875
884,IT2610
884,IT3504
884,IT2312
885,CY2162
885,SE2288
885,SE2958
885,DS1705
885,CS2100
885,DS2599
886,DS1420
886,CY2449
887,CS3981
887,CS1960
887,CS3534
887,CS1092
887,CS2100
888,IT3629
888,IT4903
888,IT1875
888,IT4656
889,CS1960
889,CS2825
889,CS3981
890,IT3629
890,IT2312
890,IT1875
890,IT4903
890,IT4656
891,CS1092
891,CS3981
891,CS3077
891,CS2100
892,MA3965
892,MA1932
892,MA2133
892,MA2598
892,MA4816
893,DS2921
893,DS1705
893,DS2020
893,DS3804
893,DS3871
893,DS2124
894,PH3183
894,DS1256
894,IT2312
894,DS4062
894,CS3534
895,MA3177
895,PH3528
895,CY4499
895,MA3578
895,CS3343
895,CY3177
896,MA2598
896,MA3177
896,MA1932
897,DS1976
897,DS1517
897,DS1256
897,DS4062
897,DS2921
898,CS3343
898,CS3981
898,CS1092
898,CS3534
898,CS2100
899,CS1960
899,CS3534
899,CS2100
899,CS2825
900,MA4415
900,MA3439
901,CS2825
901,CS1960
901,CS3534
901,CS2100
902,CS3077
902,CS3670
902,CS1960
902,CS2100
902,CS3343
902,CS2825
903,IT1083
903,IT2312
903,IT1554
903,IT4903
904,CS2100
904,SE4985
904,PH3817
904,PH4388
904,SE4841
904,PH3528
905,DS4694
905,DS3804
905,DS2599
906,MA2030
906,MA2230
907,SE2281
907,SE2958
907,SE2288
908,IT2312
908,IT2610
908,IT3629
909,SE1809
909,SE2958
909,SE4425
909,SE3802
909,SE4841
910,CS3981
910,CS3077
910,CS3343
910,CS1960
910,CS3534
910,CS3670
911,CY2162
911,DS1420
911,CY4499
911,MA1932
912,IT2312
912,IT1554
912,IT2449
912,IT3504
912,IT4903
912,IT1083
913,SE4911
913,SE2846
914,MA3328
914,CS2825
914,CS3534
914,IT3629
914,PH2770
915,MA3578
915,MA4816
915,MA4810
915,MA4415
915,MA2156
915,MA2598
916,DS1705
916,DS2124
916,DS3804
916,DS2921
916,DS1256
917,DS4062
917,DS1517
918,SE2336
918,CS1960
919,IT2312
919,IT1083
919,IT3629
919,IT1670
919,IT1554
919,IT4903
920,MA4816
920,MA1932
920,MA2133
920,MA2030
920,MA2598
921,SE2281
921,IT1875
921,PH3167
921,IT3629
922,MA2598
922,MA2230
922,MA2156
923,DS4694
923,DS1420
923,DS2124
923,DS1517
924,IT1554
924,IT2610
924,IT2312
924,IT2449
924,IT3629
925,IT1554
925,IT3504
925,IT3629
926,SE4049
926,CS2100
926,PH2221
926,CY3501
927,DS2921
927,DS1517
927,DS4062
927,DS3871
927,DS2124
927,DS2020
928,SE4425
928,SE3698
928,SE3802
929,SE4057
929,SE1809
929,SE3424
929,SE2958
930,MA2230
930,MA3177
930,MA4816
931,DS4062
931,DS2020
931,DS4694
932,MA1932
932,MA3979
932,MA3578
932,MA2598
932,MA2133
932,MA3177
933,IT3629
933,IT1554
933,IT3504
933,IT2610
933,IT2312
934,MA4816
934,MA3328
934,MA2230
934,MA2133
935,DS1517
935,DS2599
935,DS4742
936,CY4235
936,SE4057
936,PH2770
937,IT4656
937,IT1670
937,IT1083
937,IT3629
937,IT1554
938,IT1875
938,IT3504
938,IT2449
939,DS2020
939,DS1976
939,DS1420
939,DS2124
939,DS3871
939,DS4062
940,DS4062
940,DS2921
940,DS1976
940,DS3804
940,DS1420
940,DS1517
941,MA2156
941,MA1932
942,SE4251
942,SE4425
942,SE2288
943,DS4062
943,IT4656
943,CS3077
943,DS1517
943,DS1256
944,DS2020
944,DS4694
944,DS1256
944,DS1517
944,DS3871
944,DS4062
945,CS2100
945,CS3670
945,CS3981
946,CS2100
946,CS3534
947,DS2599
947,MA3979
947,SE4049
948,CS3981
948,CS3077
948,CS3670
948,CS1960
948,CS2825
949,SE2846
949,DS2124
949,CY3501
949,PH3283
949,DS2020
949,SE2281
950,IT2312
950,IT3629
950,IT4656
950,IT3504
951,CS3670
951,CS3343
951,CS3981
951,CS3534
951,CS2100
952,SE4985
952,SE4251
952,SE2958
952,SE2288
952,SE4425
952,SE2281
953,MA2030
953,MA3578
953,MA3965
953,MA1932
954,SE2846
954,SE3424
954,SE1809
954,SE4057
954,SE2281
955,CS3534
955,PH3283
955,MA2156
955,PH3528
955,PH3798
956,MA3979
956,MA4415
956,MA2230
956,MA2030
956,MA4816
956,MA4810
957,SE4841
957,SE3802
957,SE1809
957,SE3424
957,SE4057
957,SE4985
958,MA3328
958,MA3439
958,MA2230
958,MA4816
958,MA2030
958,MA3177
959,CY3501
959,SE4985
959,PH2770
959,PH3283
959,MA4816
959,IT3629
960,SE4985
960,SE2639
960,SE4425
960,SE3698
960,SE2336
961,IT1670
961,IT2610
961,IT1554
962,SE4075
962,SE3802
962,SE1809
962,SE2639
962,SE4425
962,SE4057
963,CY4640
963,CY3156
963,PH4483
963,CY3177
963,MA2598
964,IT1554
964,IT4903
964,IT2449
964,IT3504
964,IT1083
965,MA3965
965,SE4425
965,IT1670
966,MA3979
966,MA2598
966,MA1932
967,MA3979
967,MA3439
967,MA3328
967,MA4816
968,SE3802
968,SE2281
968,SE2639
968,SE4985
969,MA3439
969,CS1960
969,CY3501
970,CS1960
970,CS3670
970,CS2825
970,CS3077
970,CS3343
971,SE2639
971,SE4911
971,SE4743
971,SE2336
971,SE1809
972,SE4743
972,SE2958
972,SE2639
972,SE2846
973,DS1705
973,DS2921
973,DS4694
974,DS1976
974,DS1256
974,DS4742
974,DS2921
974,DS3804
975,IT1083
975,IT3504
975,IT2312
975,IT1670
975,IT2449
976,IT1554
976,IT1875
977,CS3343
977,CS3534
977,CS3077
977,CS3670
978,MA4816
978,MA3177
979,SE4911
979,SE4985
979,SE4075
980,DS4742
980,DS2124
980,DS4694
980,DS1420
981,MA1932
981,MA2133
981,MA4810
981,MA3979
981,MA4816
981,MA3965
982,MA4415
982,MA3578
982,MA4810
983,DS4062
983,DS2921
983,DS1705
983,DS1420
983,DS1517
983,DS1256
984,MA4415
984,MA2133
984,MA3965
985,MA4415
985,MA4810
985,MA2230
986,MA3177
986,MA2230
987,MA1932
987,MA2156
987,MA4810
987,MA3439
988,SE2336
988,SE3802
988,SE4075
988,SE4911
988,SE4743
988,SE3698
989,IT1670
989,IT1554
989,IT4656
990,PH3283
990,CY2761
991,SE2846
991,SE4743
991,SE1688
991,SE4911
991,SE2288
991,SE2639
992,DS1420
992,DS1705
992,DS4742
993,IT1554
993,IT2449
994,DS4742
994,DS2921
994,DS3804
994,DS4694
994,DS2020
994,DS1256
995,DS1976
995,DS1420
996,MA3965
996,MA2230
997,DS1976
997,DS1517
998,SE2281
998,SE2958
998,SE3424
999,PH2263
999,CY3177
999,CY2761
999,SE4985
1000,DS2599
1000,DS2921
